s_day1,s_month1,s_year1,e_day1,e_month1,e_year1,s_day2,s_month2,s_year2,e_day2,e_month2,e_year2,s_day3,s_month3,s_year3,e_day3,e_month3,e_year3,s_day4,s_month4,s_year4,e_day4,e_month4,e_year4,s_day5,s_month5,s_year5,e_day5,e_month5,e_year5,s_day6,s_month6,s_year6,e_day6,e_month6,e_year6,s_day7,s_month7,s_year7,e_day7,e_month7,e_year7,s_day8,s_month8,s_year8,e_day8,e_month8,e_year8,s_day9,s_month9,s_year9,e_day9,e_month9,e_year9,s_day10,s_month10,s_year10,e_day10,e_month10,e_year10
15,04,2015,15,04,2015,16,04,2015,16,04,2015,17,04,2015,18,04,2015,19,04,2015,19,04,2015,20,04,2015,20,04,2015,23,04,2015,23,04,2015,25,04,2015,25,04,2015,26,04,2015,26,04,2015,27,04,2015,27,04,2015








